<application_manifest 
 xmlns="http://standards.vnetpublishing.com/schemas/vwp/2010/10/ApplicationManifest"
 xmlns:xsi="http://www.w3.org/2001/XMLSchema-instance"
 xsi:schemaLocation="http://standards.vnetpublishing.com/schemas/vwp/2010/10/ApplicationManifest http://standards.vnetpublishing.com/schemas/vwp/2010/10/ApplicationManifest/"
 app="vwp">
 <name>VWP - Virtual Web Platform</name>
 <author>Ralph Ritoch</author>
 <author_link>http://www.vnetpublishing.com</author_link>
 <copyright>Copyright Ralph Ritoch 2010 - ALL RIGHTS RESERVED</copyright>
 <license>http://www.vnetpublishing.com/Legal/Licenses/2010/10/vnetlpl.txt</license>
 <version>1.0.2</version>
 <version_start_date></version_start_date>
 <version_release_date /> 
 <install>
  <extract>local</extract>
 </install>
 <folder name="setup" version="1.0.2">
  <file>/installer.php</file>
  <file>/index.html</file>
 </folder>
 <folder name="base" version="1.0.2">
  <file>/manifest.xml</file>
  <file>/vwp.php</file>
  <file>/preinstall.php</file>
  <file>/license.txt</file>
  <file>/models/configure.php</file>
  <file>/models/dbiconfig.php</file>
  <file>/models/install.php</file>
  <file>/models/events.php</file>
  <file>/widgets/appmgr/appmgr.php</file>
  <file>/widgets/appmgr/layouts/html/default.php</file>
  <file>/widgets/tabs/tabs.php</file> 
  <file>/widgets/tabs/layouts/html/default.php</file>
  <file>/widgets/tabs/layouts/html/footer.php</file>
  <file>/widgets/tabs/layouts/xml/default.php</file>
  <file>/widgets/tabs/layouts/xml/footer.php</file>    
  <file>/widgets/configure/configure.php</file>
  <file>/widgets/configure/layouts/html/default.php</file>
  <file>/widgets/dbiconfig/dbiconfig.php</file>
  <file>/widgets/dbiconfig/layouts/html/default.php</file>
  <file>/widgets/dbiconfig/layouts/html/editdb.php</file>
  <file>/widgets/install/install.php</file>
  <file>/widgets/install/layouts/html/default.php</file>
  <file>/widgets/install/layouts/xml/default.php</file>
  <file>/widgets/eventmgr/eventmgr.php</file>
  <file>/widgets/eventmgr/layouts/html/default.php</file>
  <file>/widgets/validate/layouts/html/default.php</file>
  <file>/widgets/validate/validate.php</file>    
  <file>/root/index.php</file>
  <file>/root/htaccess.txt</file>
  <file>/root/vwp_types.php</file>
  <file>/root/vwp_config.php</file>
  <file>/root/languages/en.php</file>
  <file>/root/themes/admin/default/targets.xml</file>
  <file>/root/themes/admin/default/template.html.php</file>
  <file>/root/themes/admin/default/base/wsdl/index.php</file>
  <file>/root/themes/admin/default/base/xml/index.php</file>
  <file>/root/themes/admin/default/template.wsdl.php</file>
  <file>/root/themes/admin/default/template.xml.php</file>  
  <file>/root/themes/admin/default/images/controlpanel/ctrl_btndown.png</file>
  <file>/root/themes/admin/default/images/controlpanel/ctrl_btnup.png</file>    
  <file>/root/themes/admin/default/images/controlpanel/ctrl_btn_left.png</file>
  <file>/root/themes/admin/default/images/controlpanel/ctrl_btn_right.png</file>
  <file>/root/themes/admin/default/images/controlpanel/ctrl_btnhbar23px.png</file>
  <file>/root/themes/admin/default/images/controlpanel/ctrl_hbar19px.png</file>
  <file>/root/themes/admin/default/images/controlpanel/ctrl_hbar6px.png</file>
  <file>/root/themes/admin/default/images/controlpanel/ctrl_vbar5px.png</file>
  <file>/root/themes/admin/default/images/layout/vbar6px.png</file>
  <file>/root/themes/admin/default/images/layout/vbar7px.png</file>
  <file>/root/themes/admin/default/images/tabset/tab_hbar6px.png</file>
  <file>/root/themes/admin/default/images/tabset/tab_left.png</file>
  <file>/root/themes/admin/default/images/tabset/tab_left_sel.png</file>
  <file>/root/themes/admin/default/images/tabset/tab_right.png</file>
  <file>/root/themes/admin/default/images/tabset/tab_right_sel.png</file>
  <file>/root/themes/admin/default/images/tabset/tab_vbar5px.png</file>
  <file>/root/themes/admin/default/images/layout/hbar11px.png</file>
  <file>/root/themes/admin/default/images/layout/metal_bg.png</file>
  <file>/root/themes/admin/default/images/layout/vbar8px.png</file>
  <file>/root/themes/admin/default/images/titlebar/logo.png</file>
  <file>/root/themes/admin/default/images/titlebar/titlebar1.png</file>
  <file>/root/themes/admin/default/images/topmenu/tmenu_bg.png</file>
  <file>/root/themes/admin/default/images/topmenu/tmenu_btn_left.png</file>
  <file>/root/themes/admin/default/images/topmenu/tmenu_btn_right.png</file>
  <file>/root/themes/admin/default/images/topmenu/tmenu_left.png</file>    
  <file>/root/themes/admin/default/images/favicon.ico</file>
  <file>/root/themes/admin/default/images/footerbg.png</file>
  <file>/root/themes/admin/default/images/raster1.png</file>
  <file>/root/themes/admin/default/images/vnetlogo.png</file>
  <file>/root/themes/admin/default/images/vpnetbg.jpg</file>  
  <file>/root/themes/admin/default/js/theme.js</file>
  <file>/root/themes/admin/default/js/theme_footer.js</file>  
  <file>/root/themes/admin/default/base/html/index.php</file>
  <file>/root/themes/admin/default/apps/menu/hmenu/html/default.php</file>
  <file>/root/themes/admin/default/css/colors.css</file>
  <file>/root/themes/admin/default/css/fonts.css</file>
  <file>/root/themes/admin/default/css/layout.css</file>
  <file>/root/themes/admin/default/css/old_style.css</file>  
  <file>/root/themes/site/default/template.js.php</file>
  <file>/root/themes/site/default/css/default.css</file>  
  <file>/root/themes/site/default/apps/content/home/html/default.php</file>
  <file>/root/themes/site/default/apps/content/home/xml/default.php</file>
  <file>/root/themes/site/default/base/html/index.php</file>
  <file>/root/themes/site/default/base/wsdl/index.php</file>
  <file>/root/themes/site/default/base/xml/index.php</file>
  <file>/root/themes/site/default/base/js/index.php</file>
  <file>/root/themes/site/default/images/favicon.ico</file>
  <file>/root/themes/site/default/images/footerbg.png</file>
  <file>/root/themes/site/default/images/raster1.png</file>
  <file>/root/themes/site/default/images/vnetlogo.png</file>
  <file>/root/themes/site/default/images/vpnetbg.jpg</file>
  <file>/root/themes/site/default/template.html.php</file>
  <file>/root/themes/site/default/template.wsdl.php</file>
  <file>/root/themes/site/default/template.xml.php</file>
  <file>/root/themes/site/default/base/csv/index.php</file>
  <file>/root/themes/site/default/template.csv.php</file>    
  <file>/root/themes/admin/default/manifest.xml</file>
  <file>/root/themes/site/default/manifest.xml</file>
  <file>/root/var/packages/themes/admin/default/setup/installer.php</file>
  <file>/root/var/packages/themes/site/default/setup/installer.php</file>
  <file>/index.html</file>
  <file>/models/index.html</file>
  <file>/root/languages/index.html</file>
  <file>/root/themes/admin/default/apps/index.html</file>
  <file>/root/themes/admin/default/apps/menu/hmenu/html/index.html</file>
  <file>/root/themes/admin/default/apps/menu/hmenu/index.html</file>
  <file>/root/themes/admin/default/apps/menu/index.html</file>
  <file>/root/themes/admin/default/base/html/index.html</file>
  <file>/root/themes/admin/default/base/index.html</file>
  <file>/root/themes/admin/default/base/wsdl/index.html</file>
  <file>/root/themes/admin/default/base/xml/index.html</file>
  <file>/root/themes/admin/default/css/index.html</file>
  <file>/root/themes/admin/default/images/controlpanel/index.html</file>
  <file>/root/themes/admin/default/images/index.html</file>
  <file>/root/themes/admin/default/images/layout/index.html</file>
  <file>/root/themes/admin/default/images/tabset/index.html</file>
  <file>/root/themes/admin/default/images/titlebar/index.html</file>
  <file>/root/themes/admin/default/images/topmenu/index.html</file>
  <file>/root/themes/admin/default/index.html</file>
  <file>/root/themes/admin/default/js/index.html</file>
  <file>/root/themes/admin/index.html</file>
  <file>/root/themes/index.html</file>
  <file>/root/themes/site/default/apps/content/home/html/index.html</file>
  <file>/root/themes/site/default/apps/content/home/index.html</file>
  <file>/root/themes/site/default/apps/content/home/xml/index.html</file>
  <file>/root/themes/site/default/apps/content/index.html</file>
  <file>/root/themes/site/default/apps/index.html</file>
  <file>/root/themes/site/default/base/csv/index.html</file>
  <file>/root/themes/site/default/base/html/index.html</file>
  <file>/root/themes/site/default/base/index.html</file>
  <file>/root/themes/site/default/base/js/index.html</file>
  <file>/root/themes/site/default/base/wsdl/index.html</file>
  <file>/root/themes/site/default/base/xml/index.html</file>
  <file>/root/themes/site/default/css/index.html</file>
  <file>/root/themes/site/default/images/index.html</file>
  <file>/root/themes/site/default/index.html</file>
  <file>/root/themes/site/index.html</file>
  <file>/root/var/index.html</file>
  <file>/root/var/packages/index.html</file>
  <file>/root/var/packages/themes/admin/default/index.html</file>
  <file>/root/var/packages/themes/admin/default/setup/index.html</file>
  <file>/root/var/packages/themes/admin/index.html</file>
  <file>/root/var/packages/themes/index.html</file>
  <file>/root/var/packages/themes/site/default/index.html</file>
  <file>/root/var/packages/themes/site/default/setup/index.html</file>
  <file>/root/var/packages/themes/site/index.html</file>
  <file>/widgets/appmgr/index.html</file>
  <file>/widgets/appmgr/layouts/html/index.html</file>
  <file>/widgets/appmgr/layouts/index.html</file>
  <file>/widgets/configure/index.html</file>
  <file>/widgets/configure/layouts/html/index.html</file>
  <file>/widgets/configure/layouts/index.html</file>
  <file>/widgets/dbiconfig/index.html</file>
  <file>/widgets/dbiconfig/layouts/html/index.html</file>
  <file>/widgets/dbiconfig/layouts/index.html</file>
  <file>/widgets/eventmgr/index.html</file>
  <file>/widgets/eventmgr/layouts/html/index.html</file>
  <file>/widgets/eventmgr/layouts/index.html</file>
  <file>/widgets/index.html</file>
  <file>/widgets/install/index.html</file>
  <file>/widgets/install/layouts/html/index.html</file>
  <file>/widgets/install/layouts/index.html</file>
  <file>/widgets/install/layouts/xml/index.html</file>
  <file>/widgets/tabs/index.html</file>
  <file>/widgets/tabs/layouts/html/index.html</file>
  <file>/widgets/tabs/layouts/index.html</file>
  <file>/widgets/tabs/layouts/xml/index.html</file>
  <file>/widgets/validate/index.html</file>
  <file>/widgets/validate/layouts/html/index.html</file>
  <file>/widgets/validate/layouts/index.html</file>        
 </folder>
 <folder name="library" version="1.0.2">
  <file>/application.php</file>
  <file>/stdio.php</file>   
  <file>/uri.php</file>
  <file>/vwp.php</file>
  <file>/error.php</file>
  <file>/warning.php</file>
  <file>/model.php</file>  
  <file>/environment.php</file>
  <file>/object.php</file>
  <file>/session.php</file>
  <file>/user.php</file>
  <file>/httprequest.php</file>  
  <file>/dbi/database.php</file>
  <file>/dbi/dbi.php</file>  
  <file>/dbi/paging.php</file>
  <file>/dbi/filter.php</file>
  <file>/dbi/query.php</file>
  <file>/dbi/types.php</file>
  <file>/dbi/types/multifieldidentity.php</file>
  <file>/dbi/types/singlefieldidentity.php</file>  
  <file>/dbi/drivers/mssql.php</file>
  <file>/dbi/drivers/mysql.php</file>
  <file>/dbi/drivers/mssql/row.php</file>
  <file>/dbi/drivers/mssql/table.php</file>
  <file>/dbi/drivers/mysql/row.php</file>
  <file>/dbi/drivers/mysql/table.php</file>
  <file>/dbi/drivers/mysql/query.php</file>
  <file>/dbi/drivers/mysql/queryrow.php</file>
  <file>/dbi/drivers/mysql/queryfilter.php</file>
  <file>/dbi/relationships.php</file>       
  <file>/documents/document.php</file>
  <file>/documents/html.php</file>
  <file>/documents/xml.php</file>
  <file>/documents/xsl.php</file>
  <file>/documents/csv.php</file>
  <file>/documents/wsdl.php</file>
  <file>/documents/soap.php</file>
  <file>/documents/js.php</file>
  <file>/documents/image.php</file>
  <file>/documents/jpg.php</file>
  <file>/documents/jpeg.php</file>
  <file>/documents/png.php</file>
  <file>/documents/gif.php</file>
  <file>/archive/manifest.php</file>
  <file>/archive/archive.php</file>
  <file>/archive/installer.php</file>
  <file>/archive/drivers/bzip2.php</file>
  <file>/archive/drivers/gzip.php</file>
  <file>/archive/drivers/tar.php</file>
  <file>/archive/drivers/zip.php</file>    
  <file>/filesystem/file.php</file>
  <file>/filesystem/driver.php</file>
  <file>/filesystem/folder.php</file>
  <file>/filesystem/ftp/folder.php</file>
  <file>/filesystem/ftp/path.php</file>
  <file>/filesystem/ftp/file.php</file>
  <file>/filesystem/index.html</file>
  <file>/filesystem/path.php</file>
  <file>/filesystem.php</file>
  <file>/filesystem/local/file.php</file>
  <file>/filesystem/local/folder.php</file>
  <file>/filesystem/local/path.php</file>
  <file>/language/language.php</file>
  <file>/language/text.php</file>
  <file>/net.php</file>
  <file>/net/socket.php</file>  
  <file>/net/clients/ftp.php</file>
  <file>/net/clients/telnet.php</file>
  <file>/net/clients/http.php</file>
  <file>/net/clients/soap.php</file>
  <file>/net/clients/smtp.php</file>
  <file>/net/clients/ftp/dataline.php</file>
  <file>/net/clients/soap/transport.php</file>      
  <file>/net/protocols/ftp.php</file>
  <file>/net/protocols/telnet.php</file>
  <file>/net/protocols/ftp/reply.php</file>
  <file>/net/protocols/smtp.php</file>
  <file>/net/dre/service.php</file>
  <file>/net/dre/binding.php</file>
  <file>/net/dre/bindings/soap.php</file>
  <file>/net/dre/handlers/http.php</file>
  <file>/net/dre/translators/soap.php</file>
  <file>/net/dre/bindings/soap/serverclone.php</file>
  <file>/net/dre/translators/soap/mapitem.php</file>
  <file>/net/dre/translators/soap/vwptype.php</file>    
  <file>/themes/config.php</file>
  <file>/themes/drivers.php</file>
  <file>/themes/targets.php</file>
  <file>/themes/params.php</file>  
  <file>/ui/menu.php</file>
  <file>/ui/route.php</file>
  <file>/ui/widget.php</file>
  <file>/ui/frame.php</file>
  <file>/ui/ref.php</file>
  <file>/ui/listener.php</file>
  <file>/ui/widget/params.php</file>
  <file>/ui/frameitem.php</file>
  <file>/ui/menuitem.php</file>
  <file>/ui/menuitem/applink.php</file>
  <file>/ui/menuitem/category.php</file>
  <file>/ui/menuitem/link.php</file>
  <file>/ui/menuitem/spacer.php</file>
  <file>/server.php</file>    
  <file>/server/request.php</file>
  <file>/server/client.php</file>
  <file>/server/headers.php</file>
  <file>/server/post.php</file>
  <file>/service/dataobject.php</file>
  <file>/service/dispatcher.php</file>
  <file>/service/handler.php</file>
  <file>/service/reply.php</file>
  <file>/service/resource.php</file>    
  <file>/sys/hibernate.php</file>
  <file>/sys/kernel.php</file>
  <file>/sys/time.php</file>
  <file>/sys/registry.php</file>
  <file>/sys/events.php</file>
  <file>/sys/parser.php</file>    
  <file>/sys/notify.php</file>
  <file>/sys/mime.php</file>
  <file>/sys/math.php</file>
  <file>/sys/callback.php</file>
  <file>/sys/action.php</file>
  <file>/sys/loop.php</file>
  <file>/sys/search.php</file>  
  <file>/sys/registry/classes_root.php</file>
  <file>/sys/registry/current_config.php</file>
  <file>/sys/registry/current_user.php</file>
  <file>/sys/registry/key.php</file>
  <file>/sys/registry/local_machine.php</file>
  <file>/sys/registry/users.php</file>  
  <file>/sys/types/shell.php</file>
  <file>/sys/tickets.php</file>
  <file>/xml/schema.php</file>
  <file>/xml/schema/datatype.php</file>
  <file>/xml/schema/sequence.php</file>
  <file>/xml/xmlhelper.php</file>
  <file>/xml/xmlhttpserializer.php</file>
  <file>/xml/xsl.php</file>
  <file>/xml/wsdl/message.php</file>    
  <file>/xml/wsdl.php</file>
  <file>/dom/domimplementationlist.php</file>
  <file>/dom/domimplementationregistry.php</file>
  <file>/archive/drivers/index.html</file>
  <file>/archive/index.html</file>
  <file>/dbi/drivers/index.html</file>
  <file>/dbi/drivers/mssql/index.html</file>
  <file>/dbi/drivers/mysql/index.html</file>
  <file>/dbi/index.html</file>
  <file>/documents/index.html</file>
  <file>/dom/index.html</file>
  <file>/filesystem/ftp/index.html</file>
  <file>/filesystem/local/index.html</file>
  <file>/index.html</file>
  <file>/language/index.html</file>
  <file>/net/clients/ftp/index.html</file>
  <file>/net/clients/index.html</file>
  <file>/net/clients/soap/index.html</file>
  <file>/net/dre/bindings/index.html</file>
  <file>/net/dre/bindings/soap/index.html</file>
  <file>/net/dre/index.html</file>
  <file>/net/dre/translators/index.html</file>
  <file>/net/dre/translators/soap/index.html</file>
  <file>/net/index.html</file>
  <file>/net/protocols/ftp/index.html</file>
  <file>/net/protocols/index.html</file>
  <file>/server/index.html</file>
  <file>/sys/index.html</file>
  <file>/sys/registry/index.html</file>
  <file>/sys/types/index.html</file>
  <file>/themes/index.html</file>
  <file>/ui/index.html</file>
  <file>/ui/menuitem/index.html</file>
  <file>/ui/widget/index.html</file>
  <file>/xml/index.html</file>
  <file>/xml/schema/index.html</file>  
  <file>/dbi/queryhelper.php</file>
  <file>/dbi/types/query/datasources.php</file>
  <file>/dbi/types/query/fieldlist.php</file>
  <file>/dbi/types/query/filter.php</file>
  <file>/dbi/types/query/filterlist.php</file>
  <file>/dbi/types/query/labellist.php</file>
  <file>/dbi/types/query/ratio.php</file>
  <file>/dbi/types/query/relationshipgrouplist.php</file>
  <file>/dbi/types/query/summaryoptions.php</file>
  <file>/dbi/types/query/tables.php</file>
  <file>/dbi/types/query/valuelist.php</file>
  <file>/dom/domhelper.php</file>                   
 </folder>
</application_manifest>