<application_manifest 
 xmlns="http://standards.vnetpublishing.com/schemas/vwp/2010/10/ApplicationManifest"
 xmlns:xsi="http://www.w3.org/2001/XMLSchema-instance"
 xsi:schemaLocation="http://standards.vnetpublishing.com/schemas/vwp/2010/10/ApplicationManifest http://standards.vnetpublishing.com/schemas/vwp/2010/10/ApplicationManifest/"
 app="tinymce">
 <name>TinyMCE Editor (3.3.8)</name>
 <author>Ralph Ritoch</author>
 <author_link>http://www.vnetpublishing.com</author_link>
 <copyright>Ralph Ritoch - GPL/LGPL</copyright>
 <version>1.0.1</version>
 <version_start_date></version_start_date>
 <version_release_date></version_release_date> 
 <folder name="setup" version="1.0.1">
  <file>/installer.php</file>
  <file>/index.html</file>
 </folder>
 <folder name="base" version="1.0.1">
  <file>/manifest.xml</file>
  <file>/models/tinymce.php</file>
  <file>/tinymce.php</file>
  <file>/widgets/editor/editor.php</file>
  <file>/widgets/editor/layouts/html/default.php</file>
  <file>/index.html</file>
  <file>/models/index.html</file>
  <file>/widgets/editor/index.html</file>
  <file>/widgets/editor/layouts/html/index.html</file>
  <file>/widgets/editor/layouts/index.html</file>
  <file>/widgets/index.html</file>  
 </folder>
 <folder name="library" version="1.0.1">
  <file>/tinymce.php</file>
  <file>/tinymce_3_3_8/tinymce.php</file>
  <file>/tinymce_3_3_8/tinymce/changelog.txt</file>
  <file>/tinymce_3_3_8/tinymce/examples/css/content.css</file>
  <file>/tinymce_3_3_8/tinymce/examples/css/word.css</file>
  <file>/tinymce_3_3_8/tinymce/examples/custom_formats.html</file>
  <file>/tinymce_3_3_8/tinymce/examples/full.html</file>
  <file>/tinymce_3_3_8/tinymce/examples/index.html</file>
  <file>/tinymce_3_3_8/tinymce/examples/lists/image_list.js</file>
  <file>/tinymce_3_3_8/tinymce/examples/lists/link_list.js</file>
  <file>/tinymce_3_3_8/tinymce/examples/lists/media_list.js</file>
  <file>/tinymce_3_3_8/tinymce/examples/lists/template_list.js</file>
  <file>/tinymce_3_3_8/tinymce/examples/media/logo.jpg</file>
  <file>/tinymce_3_3_8/tinymce/examples/media/logo_over.jpg</file>
  <file>/tinymce_3_3_8/tinymce/examples/media/sample.avi</file>
  <file>/tinymce_3_3_8/tinymce/examples/media/sample.dcr</file>
  <file>/tinymce_3_3_8/tinymce/examples/media/sample.mov</file>
  <file>/tinymce_3_3_8/tinymce/examples/media/sample.ram</file>
  <file>/tinymce_3_3_8/tinymce/examples/media/sample.rm</file>
  <file>/tinymce_3_3_8/tinymce/examples/media/sample.swf</file>
  <file>/tinymce_3_3_8/tinymce/examples/menu.html</file>
  <file>/tinymce_3_3_8/tinymce/examples/simple.html</file>
  <file>/tinymce_3_3_8/tinymce/examples/skins.html</file>
  <file>/tinymce_3_3_8/tinymce/examples/templates/layout1.htm</file>
  <file>/tinymce_3_3_8/tinymce/examples/templates/snippet1.htm</file>
  <file>/tinymce_3_3_8/tinymce/examples/translate.html</file>
  <file>/tinymce_3_3_8/tinymce/examples/word.html</file>
  <file>/tinymce_3_3_8/tinymce/jscripts/tiny_mce/langs/en.js</file>
  <file>/tinymce_3_3_8/tinymce/jscripts/tiny_mce/license.txt</file>
  <file>/tinymce_3_3_8/tinymce/jscripts/tiny_mce/plugins/advhr/css/advhr.css</file>
  <file>/tinymce_3_3_8/tinymce/jscripts/tiny_mce/plugins/advhr/editor_plugin.js</file>
  <file>/tinymce_3_3_8/tinymce/jscripts/tiny_mce/plugins/advhr/editor_plugin_src.js</file>
  <file>/tinymce_3_3_8/tinymce/jscripts/tiny_mce/plugins/advhr/js/rule.js</file>
  <file>/tinymce_3_3_8/tinymce/jscripts/tiny_mce/plugins/advhr/langs/en_dlg.js</file>
  <file>/tinymce_3_3_8/tinymce/jscripts/tiny_mce/plugins/advhr/rule.htm</file>
  <file>/tinymce_3_3_8/tinymce/jscripts/tiny_mce/plugins/advimage/css/advimage.css</file>
  <file>/tinymce_3_3_8/tinymce/jscripts/tiny_mce/plugins/advimage/editor_plugin.js</file>
  <file>/tinymce_3_3_8/tinymce/jscripts/tiny_mce/plugins/advimage/editor_plugin_src.js</file>
  <file>/tinymce_3_3_8/tinymce/jscripts/tiny_mce/plugins/advimage/image.htm</file>
  <file>/tinymce_3_3_8/tinymce/jscripts/tiny_mce/plugins/advimage/img/sample.gif</file>
  <file>/tinymce_3_3_8/tinymce/jscripts/tiny_mce/plugins/advimage/js/image.js</file>
  <file>/tinymce_3_3_8/tinymce/jscripts/tiny_mce/plugins/advimage/langs/en_dlg.js</file>
  <file>/tinymce_3_3_8/tinymce/jscripts/tiny_mce/plugins/advlink/css/advlink.css</file>
  <file>/tinymce_3_3_8/tinymce/jscripts/tiny_mce/plugins/advlink/editor_plugin.js</file>
  <file>/tinymce_3_3_8/tinymce/jscripts/tiny_mce/plugins/advlink/editor_plugin_src.js</file>
  <file>/tinymce_3_3_8/tinymce/jscripts/tiny_mce/plugins/advlink/js/advlink.js</file>
  <file>/tinymce_3_3_8/tinymce/jscripts/tiny_mce/plugins/advlink/langs/en_dlg.js</file>
  <file>/tinymce_3_3_8/tinymce/jscripts/tiny_mce/plugins/advlink/link.htm</file>
  <file>/tinymce_3_3_8/tinymce/jscripts/tiny_mce/plugins/advlist/editor_plugin.js</file>
  <file>/tinymce_3_3_8/tinymce/jscripts/tiny_mce/plugins/advlist/editor_plugin_src.js</file>
  <file>/tinymce_3_3_8/tinymce/jscripts/tiny_mce/plugins/autoresize/editor_plugin.js</file>
  <file>/tinymce_3_3_8/tinymce/jscripts/tiny_mce/plugins/autoresize/editor_plugin_src.js</file>
  <file>/tinymce_3_3_8/tinymce/jscripts/tiny_mce/plugins/autosave/editor_plugin.js</file>
  <file>/tinymce_3_3_8/tinymce/jscripts/tiny_mce/plugins/autosave/editor_plugin_src.js</file>
  <file>/tinymce_3_3_8/tinymce/jscripts/tiny_mce/plugins/autosave/langs/en.js</file>
  <file>/tinymce_3_3_8/tinymce/jscripts/tiny_mce/plugins/bbcode/editor_plugin.js</file>
  <file>/tinymce_3_3_8/tinymce/jscripts/tiny_mce/plugins/bbcode/editor_plugin_src.js</file>
  <file>/tinymce_3_3_8/tinymce/jscripts/tiny_mce/plugins/contextmenu/editor_plugin.js</file>
  <file>/tinymce_3_3_8/tinymce/jscripts/tiny_mce/plugins/contextmenu/editor_plugin_src.js</file>
  <file>/tinymce_3_3_8/tinymce/jscripts/tiny_mce/plugins/directionality/editor_plugin.js</file>
  <file>/tinymce_3_3_8/tinymce/jscripts/tiny_mce/plugins/directionality/editor_plugin_src.js</file>
  <file>/tinymce_3_3_8/tinymce/jscripts/tiny_mce/plugins/emotions/editor_plugin.js</file>
  <file>/tinymce_3_3_8/tinymce/jscripts/tiny_mce/plugins/emotions/editor_plugin_src.js</file>
  <file>/tinymce_3_3_8/tinymce/jscripts/tiny_mce/plugins/emotions/emotions.htm</file>
  <file>/tinymce_3_3_8/tinymce/jscripts/tiny_mce/plugins/emotions/img/smiley-cool.gif</file>
  <file>/tinymce_3_3_8/tinymce/jscripts/tiny_mce/plugins/emotions/img/smiley-cry.gif</file>
  <file>/tinymce_3_3_8/tinymce/jscripts/tiny_mce/plugins/emotions/img/smiley-embarassed.gif</file>
  <file>/tinymce_3_3_8/tinymce/jscripts/tiny_mce/plugins/emotions/img/smiley-foot-in-mouth.gif</file>
  <file>/tinymce_3_3_8/tinymce/jscripts/tiny_mce/plugins/emotions/img/smiley-frown.gif</file>
  <file>/tinymce_3_3_8/tinymce/jscripts/tiny_mce/plugins/emotions/img/smiley-innocent.gif</file>
  <file>/tinymce_3_3_8/tinymce/jscripts/tiny_mce/plugins/emotions/img/smiley-kiss.gif</file>
  <file>/tinymce_3_3_8/tinymce/jscripts/tiny_mce/plugins/emotions/img/smiley-laughing.gif</file>
  <file>/tinymce_3_3_8/tinymce/jscripts/tiny_mce/plugins/emotions/img/smiley-money-mouth.gif</file>
  <file>/tinymce_3_3_8/tinymce/jscripts/tiny_mce/plugins/emotions/img/smiley-sealed.gif</file>
  <file>/tinymce_3_3_8/tinymce/jscripts/tiny_mce/plugins/emotions/img/smiley-smile.gif</file>
  <file>/tinymce_3_3_8/tinymce/jscripts/tiny_mce/plugins/emotions/img/smiley-surprised.gif</file>
  <file>/tinymce_3_3_8/tinymce/jscripts/tiny_mce/plugins/emotions/img/smiley-tongue-out.gif</file>
  <file>/tinymce_3_3_8/tinymce/jscripts/tiny_mce/plugins/emotions/img/smiley-undecided.gif</file>
  <file>/tinymce_3_3_8/tinymce/jscripts/tiny_mce/plugins/emotions/img/smiley-wink.gif</file>
  <file>/tinymce_3_3_8/tinymce/jscripts/tiny_mce/plugins/emotions/img/smiley-yell.gif</file>
  <file>/tinymce_3_3_8/tinymce/jscripts/tiny_mce/plugins/emotions/js/emotions.js</file>
  <file>/tinymce_3_3_8/tinymce/jscripts/tiny_mce/plugins/emotions/langs/en_dlg.js</file>
  <file>/tinymce_3_3_8/tinymce/jscripts/tiny_mce/plugins/example/dialog.htm</file>
  <file>/tinymce_3_3_8/tinymce/jscripts/tiny_mce/plugins/example/editor_plugin.js</file>
  <file>/tinymce_3_3_8/tinymce/jscripts/tiny_mce/plugins/example/editor_plugin_src.js</file>
  <file>/tinymce_3_3_8/tinymce/jscripts/tiny_mce/plugins/example/img/example.gif</file>
  <file>/tinymce_3_3_8/tinymce/jscripts/tiny_mce/plugins/example/js/dialog.js</file>
  <file>/tinymce_3_3_8/tinymce/jscripts/tiny_mce/plugins/example/langs/en.js</file>
  <file>/tinymce_3_3_8/tinymce/jscripts/tiny_mce/plugins/example/langs/en_dlg.js</file>
  <file>/tinymce_3_3_8/tinymce/jscripts/tiny_mce/plugins/fullpage/css/fullpage.css</file>
  <file>/tinymce_3_3_8/tinymce/jscripts/tiny_mce/plugins/fullpage/editor_plugin.js</file>
  <file>/tinymce_3_3_8/tinymce/jscripts/tiny_mce/plugins/fullpage/editor_plugin_src.js</file>
  <file>/tinymce_3_3_8/tinymce/jscripts/tiny_mce/plugins/fullpage/fullpage.htm</file>
  <file>/tinymce_3_3_8/tinymce/jscripts/tiny_mce/plugins/fullpage/js/fullpage.js</file>
  <file>/tinymce_3_3_8/tinymce/jscripts/tiny_mce/plugins/fullpage/langs/en_dlg.js</file>
  <file>/tinymce_3_3_8/tinymce/jscripts/tiny_mce/plugins/fullscreen/editor_plugin.js</file>
  <file>/tinymce_3_3_8/tinymce/jscripts/tiny_mce/plugins/fullscreen/editor_plugin_src.js</file>
  <file>/tinymce_3_3_8/tinymce/jscripts/tiny_mce/plugins/fullscreen/fullscreen.htm</file>
  <file>/tinymce_3_3_8/tinymce/jscripts/tiny_mce/plugins/iespell/editor_plugin.js</file>
  <file>/tinymce_3_3_8/tinymce/jscripts/tiny_mce/plugins/iespell/editor_plugin_src.js</file>
  <file>/tinymce_3_3_8/tinymce/jscripts/tiny_mce/plugins/inlinepopups/editor_plugin.js</file>
  <file>/tinymce_3_3_8/tinymce/jscripts/tiny_mce/plugins/inlinepopups/editor_plugin_src.js</file>
  <file>/tinymce_3_3_8/tinymce/jscripts/tiny_mce/plugins/inlinepopups/skins/clearlooks2/img/alert.gif</file>
  <file>/tinymce_3_3_8/tinymce/jscripts/tiny_mce/plugins/inlinepopups/skins/clearlooks2/img/button.gif</file>
  <file>/tinymce_3_3_8/tinymce/jscripts/tiny_mce/plugins/inlinepopups/skins/clearlooks2/img/buttons.gif</file>
  <file>/tinymce_3_3_8/tinymce/jscripts/tiny_mce/plugins/inlinepopups/skins/clearlooks2/img/confirm.gif</file>
  <file>/tinymce_3_3_8/tinymce/jscripts/tiny_mce/plugins/inlinepopups/skins/clearlooks2/img/corners.gif</file>
  <file>/tinymce_3_3_8/tinymce/jscripts/tiny_mce/plugins/inlinepopups/skins/clearlooks2/img/horizontal.gif</file>
  <file>/tinymce_3_3_8/tinymce/jscripts/tiny_mce/plugins/inlinepopups/skins/clearlooks2/img/vertical.gif</file>
  <file>/tinymce_3_3_8/tinymce/jscripts/tiny_mce/plugins/inlinepopups/skins/clearlooks2/window.css</file>
  <file>/tinymce_3_3_8/tinymce/jscripts/tiny_mce/plugins/inlinepopups/template.htm</file>
  <file>/tinymce_3_3_8/tinymce/jscripts/tiny_mce/plugins/insertdatetime/editor_plugin.js</file>
  <file>/tinymce_3_3_8/tinymce/jscripts/tiny_mce/plugins/insertdatetime/editor_plugin_src.js</file>
  <file>/tinymce_3_3_8/tinymce/jscripts/tiny_mce/plugins/layer/editor_plugin.js</file>
  <file>/tinymce_3_3_8/tinymce/jscripts/tiny_mce/plugins/layer/editor_plugin_src.js</file>
  <file>/tinymce_3_3_8/tinymce/jscripts/tiny_mce/plugins/legacyoutput/editor_plugin.js</file>
  <file>/tinymce_3_3_8/tinymce/jscripts/tiny_mce/plugins/legacyoutput/editor_plugin_src.js</file>
  <file>/tinymce_3_3_8/tinymce/jscripts/tiny_mce/plugins/media/css/content.css</file>
  <file>/tinymce_3_3_8/tinymce/jscripts/tiny_mce/plugins/media/css/media.css</file>
  <file>/tinymce_3_3_8/tinymce/jscripts/tiny_mce/plugins/media/editor_plugin.js</file>
  <file>/tinymce_3_3_8/tinymce/jscripts/tiny_mce/plugins/media/editor_plugin_src.js</file>
  <file>/tinymce_3_3_8/tinymce/jscripts/tiny_mce/plugins/media/img/flash.gif</file>
  <file>/tinymce_3_3_8/tinymce/jscripts/tiny_mce/plugins/media/img/flv_player.swf</file>
  <file>/tinymce_3_3_8/tinymce/jscripts/tiny_mce/plugins/media/img/quicktime.gif</file>
  <file>/tinymce_3_3_8/tinymce/jscripts/tiny_mce/plugins/media/img/realmedia.gif</file>
  <file>/tinymce_3_3_8/tinymce/jscripts/tiny_mce/plugins/media/img/shockwave.gif</file>
  <file>/tinymce_3_3_8/tinymce/jscripts/tiny_mce/plugins/media/img/trans.gif</file>
  <file>/tinymce_3_3_8/tinymce/jscripts/tiny_mce/plugins/media/img/windowsmedia.gif</file>
  <file>/tinymce_3_3_8/tinymce/jscripts/tiny_mce/plugins/media/js/embed.js</file>
  <file>/tinymce_3_3_8/tinymce/jscripts/tiny_mce/plugins/media/js/media.js</file>
  <file>/tinymce_3_3_8/tinymce/jscripts/tiny_mce/plugins/media/langs/en_dlg.js</file>
  <file>/tinymce_3_3_8/tinymce/jscripts/tiny_mce/plugins/media/media.htm</file>
  <file>/tinymce_3_3_8/tinymce/jscripts/tiny_mce/plugins/nonbreaking/editor_plugin.js</file>
  <file>/tinymce_3_3_8/tinymce/jscripts/tiny_mce/plugins/nonbreaking/editor_plugin_src.js</file>
  <file>/tinymce_3_3_8/tinymce/jscripts/tiny_mce/plugins/noneditable/editor_plugin.js</file>
  <file>/tinymce_3_3_8/tinymce/jscripts/tiny_mce/plugins/noneditable/editor_plugin_src.js</file>
  <file>/tinymce_3_3_8/tinymce/jscripts/tiny_mce/plugins/pagebreak/css/content.css</file>
  <file>/tinymce_3_3_8/tinymce/jscripts/tiny_mce/plugins/pagebreak/editor_plugin.js</file>
  <file>/tinymce_3_3_8/tinymce/jscripts/tiny_mce/plugins/pagebreak/editor_plugin_src.js</file>
  <file>/tinymce_3_3_8/tinymce/jscripts/tiny_mce/plugins/pagebreak/img/pagebreak.gif</file>
  <file>/tinymce_3_3_8/tinymce/jscripts/tiny_mce/plugins/pagebreak/img/trans.gif</file>
  <file>/tinymce_3_3_8/tinymce/jscripts/tiny_mce/plugins/paste/editor_plugin.js</file>
  <file>/tinymce_3_3_8/tinymce/jscripts/tiny_mce/plugins/paste/editor_plugin_src.js</file>
  <file>/tinymce_3_3_8/tinymce/jscripts/tiny_mce/plugins/paste/js/pastetext.js</file>
  <file>/tinymce_3_3_8/tinymce/jscripts/tiny_mce/plugins/paste/js/pasteword.js</file>
  <file>/tinymce_3_3_8/tinymce/jscripts/tiny_mce/plugins/paste/langs/en_dlg.js</file>
  <file>/tinymce_3_3_8/tinymce/jscripts/tiny_mce/plugins/paste/pastetext.htm</file>
  <file>/tinymce_3_3_8/tinymce/jscripts/tiny_mce/plugins/paste/pasteword.htm</file>
  <file>/tinymce_3_3_8/tinymce/jscripts/tiny_mce/plugins/preview/editor_plugin.js</file>
  <file>/tinymce_3_3_8/tinymce/jscripts/tiny_mce/plugins/preview/editor_plugin_src.js</file>
  <file>/tinymce_3_3_8/tinymce/jscripts/tiny_mce/plugins/preview/example.html</file>
  <file>/tinymce_3_3_8/tinymce/jscripts/tiny_mce/plugins/preview/jscripts/embed.js</file>
  <file>/tinymce_3_3_8/tinymce/jscripts/tiny_mce/plugins/preview/preview.html</file>
  <file>/tinymce_3_3_8/tinymce/jscripts/tiny_mce/plugins/print/editor_plugin.js</file>
  <file>/tinymce_3_3_8/tinymce/jscripts/tiny_mce/plugins/print/editor_plugin_src.js</file>
  <file>/tinymce_3_3_8/tinymce/jscripts/tiny_mce/plugins/save/editor_plugin.js</file>
  <file>/tinymce_3_3_8/tinymce/jscripts/tiny_mce/plugins/save/editor_plugin_src.js</file>
  <file>/tinymce_3_3_8/tinymce/jscripts/tiny_mce/plugins/searchreplace/css/searchreplace.css</file>
  <file>/tinymce_3_3_8/tinymce/jscripts/tiny_mce/plugins/searchreplace/editor_plugin.js</file>
  <file>/tinymce_3_3_8/tinymce/jscripts/tiny_mce/plugins/searchreplace/editor_plugin_src.js</file>
  <file>/tinymce_3_3_8/tinymce/jscripts/tiny_mce/plugins/searchreplace/js/searchreplace.js</file>
  <file>/tinymce_3_3_8/tinymce/jscripts/tiny_mce/plugins/searchreplace/langs/en_dlg.js</file>
  <file>/tinymce_3_3_8/tinymce/jscripts/tiny_mce/plugins/searchreplace/searchreplace.htm</file>
  <file>/tinymce_3_3_8/tinymce/jscripts/tiny_mce/plugins/spellchecker/css/content.css</file>
  <file>/tinymce_3_3_8/tinymce/jscripts/tiny_mce/plugins/spellchecker/editor_plugin.js</file>
  <file>/tinymce_3_3_8/tinymce/jscripts/tiny_mce/plugins/spellchecker/editor_plugin_src.js</file>
  <file>/tinymce_3_3_8/tinymce/jscripts/tiny_mce/plugins/spellchecker/img/wline.gif</file>
  <file>/tinymce_3_3_8/tinymce/jscripts/tiny_mce/plugins/style/css/props.css</file>
  <file>/tinymce_3_3_8/tinymce/jscripts/tiny_mce/plugins/style/editor_plugin.js</file>
  <file>/tinymce_3_3_8/tinymce/jscripts/tiny_mce/plugins/style/editor_plugin_src.js</file>
  <file>/tinymce_3_3_8/tinymce/jscripts/tiny_mce/plugins/style/js/props.js</file>
  <file>/tinymce_3_3_8/tinymce/jscripts/tiny_mce/plugins/style/langs/en_dlg.js</file>
  <file>/tinymce_3_3_8/tinymce/jscripts/tiny_mce/plugins/style/props.htm</file>
  <file>/tinymce_3_3_8/tinymce/jscripts/tiny_mce/plugins/tabfocus/editor_plugin.js</file>
  <file>/tinymce_3_3_8/tinymce/jscripts/tiny_mce/plugins/tabfocus/editor_plugin_src.js</file>
  <file>/tinymce_3_3_8/tinymce/jscripts/tiny_mce/plugins/table/cell.htm</file>
  <file>/tinymce_3_3_8/tinymce/jscripts/tiny_mce/plugins/table/css/cell.css</file>
  <file>/tinymce_3_3_8/tinymce/jscripts/tiny_mce/plugins/table/css/row.css</file>
  <file>/tinymce_3_3_8/tinymce/jscripts/tiny_mce/plugins/table/css/table.css</file>
  <file>/tinymce_3_3_8/tinymce/jscripts/tiny_mce/plugins/table/editor_plugin.js</file>
  <file>/tinymce_3_3_8/tinymce/jscripts/tiny_mce/plugins/table/editor_plugin_src.js</file>
  <file>/tinymce_3_3_8/tinymce/jscripts/tiny_mce/plugins/table/js/cell.js</file>
  <file>/tinymce_3_3_8/tinymce/jscripts/tiny_mce/plugins/table/js/merge_cells.js</file>
  <file>/tinymce_3_3_8/tinymce/jscripts/tiny_mce/plugins/table/js/row.js</file>
  <file>/tinymce_3_3_8/tinymce/jscripts/tiny_mce/plugins/table/js/table.js</file>
  <file>/tinymce_3_3_8/tinymce/jscripts/tiny_mce/plugins/table/langs/en_dlg.js</file>
  <file>/tinymce_3_3_8/tinymce/jscripts/tiny_mce/plugins/table/merge_cells.htm</file>
  <file>/tinymce_3_3_8/tinymce/jscripts/tiny_mce/plugins/table/row.htm</file>
  <file>/tinymce_3_3_8/tinymce/jscripts/tiny_mce/plugins/table/table.htm</file>
  <file>/tinymce_3_3_8/tinymce/jscripts/tiny_mce/plugins/template/blank.htm</file>
  <file>/tinymce_3_3_8/tinymce/jscripts/tiny_mce/plugins/template/css/template.css</file>
  <file>/tinymce_3_3_8/tinymce/jscripts/tiny_mce/plugins/template/editor_plugin.js</file>
  <file>/tinymce_3_3_8/tinymce/jscripts/tiny_mce/plugins/template/editor_plugin_src.js</file>
  <file>/tinymce_3_3_8/tinymce/jscripts/tiny_mce/plugins/template/js/template.js</file>
  <file>/tinymce_3_3_8/tinymce/jscripts/tiny_mce/plugins/template/langs/en_dlg.js</file>
  <file>/tinymce_3_3_8/tinymce/jscripts/tiny_mce/plugins/template/template.htm</file>
  <file>/tinymce_3_3_8/tinymce/jscripts/tiny_mce/plugins/visualchars/editor_plugin.js</file>
  <file>/tinymce_3_3_8/tinymce/jscripts/tiny_mce/plugins/visualchars/editor_plugin_src.js</file>
  <file>/tinymce_3_3_8/tinymce/jscripts/tiny_mce/plugins/wordcount/editor_plugin.js</file>
  <file>/tinymce_3_3_8/tinymce/jscripts/tiny_mce/plugins/wordcount/editor_plugin_src.js</file>
  <file>/tinymce_3_3_8/tinymce/jscripts/tiny_mce/plugins/xhtmlxtras/abbr.htm</file>
  <file>/tinymce_3_3_8/tinymce/jscripts/tiny_mce/plugins/xhtmlxtras/acronym.htm</file>
  <file>/tinymce_3_3_8/tinymce/jscripts/tiny_mce/plugins/xhtmlxtras/attributes.htm</file>
  <file>/tinymce_3_3_8/tinymce/jscripts/tiny_mce/plugins/xhtmlxtras/cite.htm</file>
  <file>/tinymce_3_3_8/tinymce/jscripts/tiny_mce/plugins/xhtmlxtras/css/attributes.css</file>
  <file>/tinymce_3_3_8/tinymce/jscripts/tiny_mce/plugins/xhtmlxtras/css/popup.css</file>
  <file>/tinymce_3_3_8/tinymce/jscripts/tiny_mce/plugins/xhtmlxtras/del.htm</file>
  <file>/tinymce_3_3_8/tinymce/jscripts/tiny_mce/plugins/xhtmlxtras/editor_plugin.js</file>
  <file>/tinymce_3_3_8/tinymce/jscripts/tiny_mce/plugins/xhtmlxtras/editor_plugin_src.js</file>
  <file>/tinymce_3_3_8/tinymce/jscripts/tiny_mce/plugins/xhtmlxtras/ins.htm</file>
  <file>/tinymce_3_3_8/tinymce/jscripts/tiny_mce/plugins/xhtmlxtras/js/abbr.js</file>
  <file>/tinymce_3_3_8/tinymce/jscripts/tiny_mce/plugins/xhtmlxtras/js/acronym.js</file>
  <file>/tinymce_3_3_8/tinymce/jscripts/tiny_mce/plugins/xhtmlxtras/js/attributes.js</file>
  <file>/tinymce_3_3_8/tinymce/jscripts/tiny_mce/plugins/xhtmlxtras/js/cite.js</file>
  <file>/tinymce_3_3_8/tinymce/jscripts/tiny_mce/plugins/xhtmlxtras/js/del.js</file>
  <file>/tinymce_3_3_8/tinymce/jscripts/tiny_mce/plugins/xhtmlxtras/js/element_common.js</file>
  <file>/tinymce_3_3_8/tinymce/jscripts/tiny_mce/plugins/xhtmlxtras/js/ins.js</file>
  <file>/tinymce_3_3_8/tinymce/jscripts/tiny_mce/plugins/xhtmlxtras/langs/en_dlg.js</file>
  <file>/tinymce_3_3_8/tinymce/jscripts/tiny_mce/themes/advanced/about.htm</file>
  <file>/tinymce_3_3_8/tinymce/jscripts/tiny_mce/themes/advanced/anchor.htm</file>
  <file>/tinymce_3_3_8/tinymce/jscripts/tiny_mce/themes/advanced/charmap.htm</file>
  <file>/tinymce_3_3_8/tinymce/jscripts/tiny_mce/themes/advanced/color_picker.htm</file>
  <file>/tinymce_3_3_8/tinymce/jscripts/tiny_mce/themes/advanced/editor_template.js</file>
  <file>/tinymce_3_3_8/tinymce/jscripts/tiny_mce/themes/advanced/editor_template_src.js</file>
  <file>/tinymce_3_3_8/tinymce/jscripts/tiny_mce/themes/advanced/image.htm</file>
  <file>/tinymce_3_3_8/tinymce/jscripts/tiny_mce/themes/advanced/img/colorpicker.jpg</file>
  <file>/tinymce_3_3_8/tinymce/jscripts/tiny_mce/themes/advanced/img/icons.gif</file>
  <file>/tinymce_3_3_8/tinymce/jscripts/tiny_mce/themes/advanced/js/about.js</file>
  <file>/tinymce_3_3_8/tinymce/jscripts/tiny_mce/themes/advanced/js/anchor.js</file>
  <file>/tinymce_3_3_8/tinymce/jscripts/tiny_mce/themes/advanced/js/charmap.js</file>
  <file>/tinymce_3_3_8/tinymce/jscripts/tiny_mce/themes/advanced/js/color_picker.js</file>
  <file>/tinymce_3_3_8/tinymce/jscripts/tiny_mce/themes/advanced/js/image.js</file>
  <file>/tinymce_3_3_8/tinymce/jscripts/tiny_mce/themes/advanced/js/link.js</file>
  <file>/tinymce_3_3_8/tinymce/jscripts/tiny_mce/themes/advanced/js/source_editor.js</file>
  <file>/tinymce_3_3_8/tinymce/jscripts/tiny_mce/themes/advanced/langs/en.js</file>
  <file>/tinymce_3_3_8/tinymce/jscripts/tiny_mce/themes/advanced/langs/en_dlg.js</file>
  <file>/tinymce_3_3_8/tinymce/jscripts/tiny_mce/themes/advanced/link.htm</file>
  <file>/tinymce_3_3_8/tinymce/jscripts/tiny_mce/themes/advanced/skins/default/content.css</file>
  <file>/tinymce_3_3_8/tinymce/jscripts/tiny_mce/themes/advanced/skins/default/dialog.css</file>
  <file>/tinymce_3_3_8/tinymce/jscripts/tiny_mce/themes/advanced/skins/default/img/buttons.png</file>
  <file>/tinymce_3_3_8/tinymce/jscripts/tiny_mce/themes/advanced/skins/default/img/items.gif</file>
  <file>/tinymce_3_3_8/tinymce/jscripts/tiny_mce/themes/advanced/skins/default/img/menu_arrow.gif</file>
  <file>/tinymce_3_3_8/tinymce/jscripts/tiny_mce/themes/advanced/skins/default/img/menu_check.gif</file>
  <file>/tinymce_3_3_8/tinymce/jscripts/tiny_mce/themes/advanced/skins/default/img/progress.gif</file>
  <file>/tinymce_3_3_8/tinymce/jscripts/tiny_mce/themes/advanced/skins/default/img/tabs.gif</file>
  <file>/tinymce_3_3_8/tinymce/jscripts/tiny_mce/themes/advanced/skins/default/ui.css</file>
  <file>/tinymce_3_3_8/tinymce/jscripts/tiny_mce/themes/advanced/skins/o2k7/content.css</file>
  <file>/tinymce_3_3_8/tinymce/jscripts/tiny_mce/themes/advanced/skins/o2k7/dialog.css</file>
  <file>/tinymce_3_3_8/tinymce/jscripts/tiny_mce/themes/advanced/skins/o2k7/img/button_bg.png</file>
  <file>/tinymce_3_3_8/tinymce/jscripts/tiny_mce/themes/advanced/skins/o2k7/img/button_bg_black.png</file>
  <file>/tinymce_3_3_8/tinymce/jscripts/tiny_mce/themes/advanced/skins/o2k7/img/button_bg_silver.png</file>
  <file>/tinymce_3_3_8/tinymce/jscripts/tiny_mce/themes/advanced/skins/o2k7/ui.css</file>
  <file>/tinymce_3_3_8/tinymce/jscripts/tiny_mce/themes/advanced/skins/o2k7/ui_black.css</file>
  <file>/tinymce_3_3_8/tinymce/jscripts/tiny_mce/themes/advanced/skins/o2k7/ui_silver.css</file>
  <file>/tinymce_3_3_8/tinymce/jscripts/tiny_mce/themes/advanced/source_editor.htm</file>
  <file>/tinymce_3_3_8/tinymce/jscripts/tiny_mce/themes/simple/editor_template.js</file>
  <file>/tinymce_3_3_8/tinymce/jscripts/tiny_mce/themes/simple/editor_template_src.js</file>
  <file>/tinymce_3_3_8/tinymce/jscripts/tiny_mce/themes/simple/img/icons.gif</file>
  <file>/tinymce_3_3_8/tinymce/jscripts/tiny_mce/themes/simple/langs/en.js</file>
  <file>/tinymce_3_3_8/tinymce/jscripts/tiny_mce/themes/simple/skins/default/content.css</file>
  <file>/tinymce_3_3_8/tinymce/jscripts/tiny_mce/themes/simple/skins/default/ui.css</file>
  <file>/tinymce_3_3_8/tinymce/jscripts/tiny_mce/themes/simple/skins/o2k7/content.css</file>
  <file>/tinymce_3_3_8/tinymce/jscripts/tiny_mce/themes/simple/skins/o2k7/img/button_bg.png</file>
  <file>/tinymce_3_3_8/tinymce/jscripts/tiny_mce/themes/simple/skins/o2k7/ui.css</file>
  <file>/tinymce_3_3_8/tinymce/jscripts/tiny_mce/tiny_mce.js</file>
  <file>/tinymce_3_3_8/tinymce/jscripts/tiny_mce/tiny_mce_popup.js</file>
  <file>/tinymce_3_3_8/tinymce/jscripts/tiny_mce/tiny_mce_src.js</file>
  <file>/tinymce_3_3_8/tinymce/jscripts/tiny_mce/utils/editable_selects.js</file>
  <file>/tinymce_3_3_8/tinymce/jscripts/tiny_mce/utils/form_utils.js</file>
  <file>/tinymce_3_3_8/tinymce/jscripts/tiny_mce/utils/mctabs.js</file>
  <file>/tinymce_3_3_8/tinymce/jscripts/tiny_mce/utils/validate.js</file>
  <file>/index.html</file>
  <file>/tinymce_3_3_8/index.html</file>
  <file>/tinymce_3_3_8/tinymce/examples/css/index.html</file>
  <file>/tinymce_3_3_8/tinymce/examples/lists/index.html</file>
  <file>/tinymce_3_3_8/tinymce/examples/media/index.html</file>
  <file>/tinymce_3_3_8/tinymce/examples/templates/index.html</file>
  <file>/tinymce_3_3_8/tinymce/index.html</file>
  <file>/tinymce_3_3_8/tinymce/jscripts/index.html</file>
  <file>/tinymce_3_3_8/tinymce/jscripts/tiny_mce/index.html</file>
  <file>/tinymce_3_3_8/tinymce/jscripts/tiny_mce/langs/index.html</file>
  <file>/tinymce_3_3_8/tinymce/jscripts/tiny_mce/plugins/advhr/css/index.html</file>
  <file>/tinymce_3_3_8/tinymce/jscripts/tiny_mce/plugins/advhr/index.html</file>
  <file>/tinymce_3_3_8/tinymce/jscripts/tiny_mce/plugins/advhr/js/index.html</file>
  <file>/tinymce_3_3_8/tinymce/jscripts/tiny_mce/plugins/advhr/langs/index.html</file>
  <file>/tinymce_3_3_8/tinymce/jscripts/tiny_mce/plugins/advimage/css/index.html</file>
  <file>/tinymce_3_3_8/tinymce/jscripts/tiny_mce/plugins/advimage/img/index.html</file>
  <file>/tinymce_3_3_8/tinymce/jscripts/tiny_mce/plugins/advimage/index.html</file>
  <file>/tinymce_3_3_8/tinymce/jscripts/tiny_mce/plugins/advimage/js/index.html</file>
  <file>/tinymce_3_3_8/tinymce/jscripts/tiny_mce/plugins/advimage/langs/index.html</file>
  <file>/tinymce_3_3_8/tinymce/jscripts/tiny_mce/plugins/advlink/css/index.html</file>
  <file>/tinymce_3_3_8/tinymce/jscripts/tiny_mce/plugins/advlink/index.html</file>
  <file>/tinymce_3_3_8/tinymce/jscripts/tiny_mce/plugins/advlink/js/index.html</file>
  <file>/tinymce_3_3_8/tinymce/jscripts/tiny_mce/plugins/advlink/langs/index.html</file>
  <file>/tinymce_3_3_8/tinymce/jscripts/tiny_mce/plugins/advlist/index.html</file>
  <file>/tinymce_3_3_8/tinymce/jscripts/tiny_mce/plugins/autoresize/index.html</file>
  <file>/tinymce_3_3_8/tinymce/jscripts/tiny_mce/plugins/autosave/images/index.html</file>
  <file>/tinymce_3_3_8/tinymce/jscripts/tiny_mce/plugins/autosave/index.html</file>
  <file>/tinymce_3_3_8/tinymce/jscripts/tiny_mce/plugins/autosave/langs/index.html</file>
  <file>/tinymce_3_3_8/tinymce/jscripts/tiny_mce/plugins/bbcode/index.html</file>
  <file>/tinymce_3_3_8/tinymce/jscripts/tiny_mce/plugins/contextmenu/index.html</file>
  <file>/tinymce_3_3_8/tinymce/jscripts/tiny_mce/plugins/directionality/index.html</file>
  <file>/tinymce_3_3_8/tinymce/jscripts/tiny_mce/plugins/emotions/img/index.html</file>
  <file>/tinymce_3_3_8/tinymce/jscripts/tiny_mce/plugins/emotions/index.html</file>
  <file>/tinymce_3_3_8/tinymce/jscripts/tiny_mce/plugins/emotions/js/index.html</file>
  <file>/tinymce_3_3_8/tinymce/jscripts/tiny_mce/plugins/emotions/langs/index.html</file>
  <file>/tinymce_3_3_8/tinymce/jscripts/tiny_mce/plugins/example/img/index.html</file>
  <file>/tinymce_3_3_8/tinymce/jscripts/tiny_mce/plugins/example/index.html</file>
  <file>/tinymce_3_3_8/tinymce/jscripts/tiny_mce/plugins/example/js/index.html</file>
  <file>/tinymce_3_3_8/tinymce/jscripts/tiny_mce/plugins/example/langs/index.html</file>
  <file>/tinymce_3_3_8/tinymce/jscripts/tiny_mce/plugins/fullpage/css/index.html</file>
  <file>/tinymce_3_3_8/tinymce/jscripts/tiny_mce/plugins/fullpage/index.html</file>
  <file>/tinymce_3_3_8/tinymce/jscripts/tiny_mce/plugins/fullpage/js/index.html</file>
  <file>/tinymce_3_3_8/tinymce/jscripts/tiny_mce/plugins/fullpage/langs/index.html</file>
  <file>/tinymce_3_3_8/tinymce/jscripts/tiny_mce/plugins/fullscreen/index.html</file>
  <file>/tinymce_3_3_8/tinymce/jscripts/tiny_mce/plugins/iespell/index.html</file>
  <file>/tinymce_3_3_8/tinymce/jscripts/tiny_mce/plugins/index.html</file>
  <file>/tinymce_3_3_8/tinymce/jscripts/tiny_mce/plugins/inlinepopups/index.html</file>
  <file>/tinymce_3_3_8/tinymce/jscripts/tiny_mce/plugins/inlinepopups/skins/clearlooks2/img/index.html</file>
  <file>/tinymce_3_3_8/tinymce/jscripts/tiny_mce/plugins/inlinepopups/skins/clearlooks2/index.html</file>
  <file>/tinymce_3_3_8/tinymce/jscripts/tiny_mce/plugins/inlinepopups/skins/index.html</file>
  <file>/tinymce_3_3_8/tinymce/jscripts/tiny_mce/plugins/insertdatetime/index.html</file>
  <file>/tinymce_3_3_8/tinymce/jscripts/tiny_mce/plugins/layer/index.html</file>
  <file>/tinymce_3_3_8/tinymce/jscripts/tiny_mce/plugins/legacyoutput/index.html</file>
  <file>/tinymce_3_3_8/tinymce/jscripts/tiny_mce/plugins/media/css/index.html</file>
  <file>/tinymce_3_3_8/tinymce/jscripts/tiny_mce/plugins/media/img/index.html</file>
  <file>/tinymce_3_3_8/tinymce/jscripts/tiny_mce/plugins/media/index.html</file>
  <file>/tinymce_3_3_8/tinymce/jscripts/tiny_mce/plugins/media/js/index.html</file>
  <file>/tinymce_3_3_8/tinymce/jscripts/tiny_mce/plugins/media/langs/index.html</file>
  <file>/tinymce_3_3_8/tinymce/jscripts/tiny_mce/plugins/nonbreaking/index.html</file>
  <file>/tinymce_3_3_8/tinymce/jscripts/tiny_mce/plugins/noneditable/index.html</file>
  <file>/tinymce_3_3_8/tinymce/jscripts/tiny_mce/plugins/pagebreak/css/index.html</file>
  <file>/tinymce_3_3_8/tinymce/jscripts/tiny_mce/plugins/pagebreak/img/index.html</file>
  <file>/tinymce_3_3_8/tinymce/jscripts/tiny_mce/plugins/pagebreak/index.html</file>
  <file>/tinymce_3_3_8/tinymce/jscripts/tiny_mce/plugins/paste/index.html</file>
  <file>/tinymce_3_3_8/tinymce/jscripts/tiny_mce/plugins/paste/js/index.html</file>
  <file>/tinymce_3_3_8/tinymce/jscripts/tiny_mce/plugins/paste/langs/index.html</file>
  <file>/tinymce_3_3_8/tinymce/jscripts/tiny_mce/plugins/preview/index.html</file>
  <file>/tinymce_3_3_8/tinymce/jscripts/tiny_mce/plugins/preview/jscripts/index.html</file>
  <file>/tinymce_3_3_8/tinymce/jscripts/tiny_mce/plugins/print/index.html</file>
  <file>/tinymce_3_3_8/tinymce/jscripts/tiny_mce/plugins/save/index.html</file>
  <file>/tinymce_3_3_8/tinymce/jscripts/tiny_mce/plugins/searchreplace/css/index.html</file>
  <file>/tinymce_3_3_8/tinymce/jscripts/tiny_mce/plugins/searchreplace/index.html</file>
  <file>/tinymce_3_3_8/tinymce/jscripts/tiny_mce/plugins/searchreplace/js/index.html</file>
  <file>/tinymce_3_3_8/tinymce/jscripts/tiny_mce/plugins/searchreplace/langs/index.html</file>
  <file>/tinymce_3_3_8/tinymce/jscripts/tiny_mce/plugins/spellchecker/classes/index.html</file>
  <file>/tinymce_3_3_8/tinymce/jscripts/tiny_mce/plugins/spellchecker/classes/utils/index.html</file>
  <file>/tinymce_3_3_8/tinymce/jscripts/tiny_mce/plugins/spellchecker/css/index.html</file>
  <file>/tinymce_3_3_8/tinymce/jscripts/tiny_mce/plugins/spellchecker/img/index.html</file>
  <file>/tinymce_3_3_8/tinymce/jscripts/tiny_mce/plugins/spellchecker/includes/index.html</file>
  <file>/tinymce_3_3_8/tinymce/jscripts/tiny_mce/plugins/spellchecker/index.html</file>
  <file>/tinymce_3_3_8/tinymce/jscripts/tiny_mce/plugins/style/css/index.html</file>
  <file>/tinymce_3_3_8/tinymce/jscripts/tiny_mce/plugins/style/index.html</file>
  <file>/tinymce_3_3_8/tinymce/jscripts/tiny_mce/plugins/style/js/index.html</file>
  <file>/tinymce_3_3_8/tinymce/jscripts/tiny_mce/plugins/style/langs/index.html</file>
  <file>/tinymce_3_3_8/tinymce/jscripts/tiny_mce/plugins/tabfocus/index.html</file>
  <file>/tinymce_3_3_8/tinymce/jscripts/tiny_mce/plugins/table/css/index.html</file>
  <file>/tinymce_3_3_8/tinymce/jscripts/tiny_mce/plugins/table/index.html</file>
  <file>/tinymce_3_3_8/tinymce/jscripts/tiny_mce/plugins/table/js/index.html</file>
  <file>/tinymce_3_3_8/tinymce/jscripts/tiny_mce/plugins/table/langs/index.html</file>
  <file>/tinymce_3_3_8/tinymce/jscripts/tiny_mce/plugins/template/css/index.html</file>
  <file>/tinymce_3_3_8/tinymce/jscripts/tiny_mce/plugins/template/index.html</file>
  <file>/tinymce_3_3_8/tinymce/jscripts/tiny_mce/plugins/template/js/index.html</file>
  <file>/tinymce_3_3_8/tinymce/jscripts/tiny_mce/plugins/template/langs/index.html</file>
  <file>/tinymce_3_3_8/tinymce/jscripts/tiny_mce/plugins/visualchars/index.html</file>
  <file>/tinymce_3_3_8/tinymce/jscripts/tiny_mce/plugins/wordcount/index.html</file>
  <file>/tinymce_3_3_8/tinymce/jscripts/tiny_mce/plugins/xhtmlxtras/css/index.html</file>
  <file>/tinymce_3_3_8/tinymce/jscripts/tiny_mce/plugins/xhtmlxtras/index.html</file>
  <file>/tinymce_3_3_8/tinymce/jscripts/tiny_mce/plugins/xhtmlxtras/js/index.html</file>
  <file>/tinymce_3_3_8/tinymce/jscripts/tiny_mce/plugins/xhtmlxtras/langs/index.html</file>
  <file>/tinymce_3_3_8/tinymce/jscripts/tiny_mce/themes/advanced/img/index.html</file>
  <file>/tinymce_3_3_8/tinymce/jscripts/tiny_mce/themes/advanced/index.html</file>
  <file>/tinymce_3_3_8/tinymce/jscripts/tiny_mce/themes/advanced/js/index.html</file>
  <file>/tinymce_3_3_8/tinymce/jscripts/tiny_mce/themes/advanced/langs/index.html</file>
  <file>/tinymce_3_3_8/tinymce/jscripts/tiny_mce/themes/advanced/skins/default/img/index.html</file>
  <file>/tinymce_3_3_8/tinymce/jscripts/tiny_mce/themes/advanced/skins/default/index.html</file>
  <file>/tinymce_3_3_8/tinymce/jscripts/tiny_mce/themes/advanced/skins/index.html</file>
  <file>/tinymce_3_3_8/tinymce/jscripts/tiny_mce/themes/advanced/skins/o2k7/img/index.html</file>
  <file>/tinymce_3_3_8/tinymce/jscripts/tiny_mce/themes/advanced/skins/o2k7/index.html</file>
  <file>/tinymce_3_3_8/tinymce/jscripts/tiny_mce/themes/index.html</file>
  <file>/tinymce_3_3_8/tinymce/jscripts/tiny_mce/themes/simple/img/index.html</file>
  <file>/tinymce_3_3_8/tinymce/jscripts/tiny_mce/themes/simple/index.html</file>
  <file>/tinymce_3_3_8/tinymce/jscripts/tiny_mce/themes/simple/langs/index.html</file>
  <file>/tinymce_3_3_8/tinymce/jscripts/tiny_mce/themes/simple/skins/default/index.html</file>
  <file>/tinymce_3_3_8/tinymce/jscripts/tiny_mce/themes/simple/skins/index.html</file>
  <file>/tinymce_3_3_8/tinymce/jscripts/tiny_mce/themes/simple/skins/o2k7/img/index.html</file>
  <file>/tinymce_3_3_8/tinymce/jscripts/tiny_mce/themes/simple/skins/o2k7/index.html</file>
  <file>/tinymce_3_3_8/tinymce/jscripts/tiny_mce/utils/index.html</file>
 </folder>
</application_manifest>